{"cameraMode":{"drawMode":0,"name":"Shaded","section":"Shading Mode"},"sceneLighting":true,"audioPlay":false,"sceneViewState":{"m_AlwaysRefresh":false,"showFog":true,"showSkybox":true,"showFlares":true,"showImageEffects":true,"showParticleSystems":true,"showVisualEffectGraphs":true,"m_FxEnabled":true},"in2DMode":false,"pivot":{"x":-2.3953733444213869,"y":-0.5421252846717835,"z":8.062800407409668},"rotation":{"x":0.12915544211864472,"y":-0.03628673404455185,"z":0.004715955350548029,"w":0.9909802675247192},"size":7.968841552734375,"orthographic":true}